<?xml version="1.0"?>
<config xmlns:xsi="http://www.w3.org/2001/XMLSchema-instance" xsi:noNamespaceSchemaLocation="urn:magento:framework:Acl/etc/acl.xsd">
    <acl>
        <resources>
            <resource id="Magento_Backend::admin">
                <resource id="Magento_Backend::stores">
                    <resource id="Magento_Backend::stores_settings">
                        <resource id="Magento_Config::config">
                            <resource id="WeltPixel_Quickview::QuickviewSettings" title="WeltPixel Quickview" sortOrder="260" />
                        </resource>
                    </resource>
                </resource>
                <resource id="WeltPixel_Backend::WeltPixel" >
                    <resource id="WeltPixel_Quickview::Quickview_Label" sortOrder="70" title="Quickview &amp; Ajax Cart" >
                        <resource id="WeltPixel_Quickview::Quickview" sortOrder="10" title="Quickview &amp; Ajax Cart Settings" />
                    </resource>
                </resource>
            </resource>
        </resources>
    </acl>
</config>
